{
  "regression": {
    "linear": {
      "mse": 459359.23458817723,
      "rmse": 677.7604551669987,
      "mae": 442.56310879241704,
      "r2": 0.9309399107869659,
      "mape": 45.84321364866097
    },
    "ridge": {
      "rmse": 677.7378115875432,
      "r2": 0.9309445252240671
    },
    "lasso": {
      "rmse": 677.7049113236077,
      "r2": 0.9309512295517957
    },
    "xgboost": {
      "rmse": 75.6266849133925,
      "r2": 0.9991401458124048
    }
  },
  "classification": {
    "logistic": {
      "accuracy": 0.7434343434343434,
      "precision": 1.0,
      "recall": 0.05223880597014925,
      "f1": 0.09929078014184398
    },
    "decision_tree": {
      "accuracy": 0.7636363636363637,
      "f1": 0.2251655629139073
    },
    "svm": {
      "best_params": {
        "C": 10,
        "gamma": "scale"
      },
      "best_cv_f1": 0.19625352676200136
    },
    "xgboost": {
      "accuracy": 0.7161616161616161,
      "f1": 0.26631853785900783
    }
  },
  "clustering": {
    "optimal_k": 2,
    "silhouette_score": 0.2836366752839622,
    "cluster_sizes": {
      "0": 2599,
      "1": 2349
    },
    "cluster_summary": {
      "age": {
        "0": 46.59,
        "1": 46.4
      },
      "total_spent": {
        "0": 3135.79,
        "1": 7026.68
      },
      "transaction_count": {
        "0": 3.36,
        "1": 6.8
      },
      "recency_days": {
        "0": -155.73,
        "1": -275.02
      }
    }
  },
  "validation": {
    "regression_cv_r2": 0.9375657912894806,
    "classification_cv_f1": 0.00754175515123687
  }
}